NAME,CATEGORY,category_id,DESCRIPTION,PRICE,RESTAURANT,RESTAURANT_ID,IMAGE_URL
ALFREDO PASTA,ITALIAN,1,This is a wider card with supporting text below as a natural lead-in to additional content. This content is a little bit longer.,950,Bella Vita,1,ITALIAN/Food/Bella Vita/alfredopasta.webp
BEEF LASAGNA,ITALIAN,1,This is a wider card with supporting text below as a natural lead-in to additional content. This content is a little bit longer.,1400,Bella Vita,1,ITALIAN/Food/Bella Vita/beeflasagna.jpg
CALZONE,ITALIAN,1,This is a wider card with supporting text below as a natural lead-in to additional content. This content is a little bit longer.,1000,Bella Vita,1,ITALIAN/Food/Bella Vita/calzone.jpg
CHICKEN LASAGNA,ITALIAN,1,This is a wider card with supporting text below as a natural lead-in to additional content. This content is a little bit longer.,1100,Bella Vita,1,ITALIAN/Food/Bella Vita/Focaccia.webp
Focaccia,ITALIAN,1,This is a wider card with supporting text below as a natural lead-in to additional content. This content is a little bit longer.,800,Bella Vita,1,ITALIAN/Food/Bella Vita/lasagna.webp
PIZZA LARGE,ITALIAN,1,This is a wider card with supporting text below as a natural lead-in to additional content. This content is a little bit longer.,1200,Bella Vita,1,ITALIAN/Food/Bella Vita/pasta.jpg
SPECIAL PASTA,ITALIAN,1,This is a wider card with supporting text below as a natural lead-in to additional content. This content is a little bit longer.,1100,Bella Vita,1,ITALIAN/Food/Bella Vita/pizza.jpg
PIZZA MEDIUM,ITALIAN,1,This is a wider card with supporting text below as a natural lead-in to additional content. This content is a little bit longer.,800,Bella Vita,1,ITALIAN/Food/Bella Vita/raviolli.webp
PIZZA SMALL,ITALIAN,1,This is a wider card with supporting text below as a natural lead-in to additional content. This content is a little bit longer.,300,Bella Vita,1,ITALIAN/Food/Bella Vita/regularpizza.jpg
Spaghetti,ITALIAN,1,This is a wider card with supporting text below as a natural lead-in to additional content. This content is a little bit longer.,450,Bella Vita,1,ITALIAN/Food/Bella Vita/smallpizza.jpg
STEAK,ITALIAN,1,This is a wider card with supporting text below as a natural lead-in to additional content. This content is a little bit longer.,1550,Bella Vita,1,ITALIAN/Food/Bella Vita/spaghetti.jpg
Stuffed Ravioli,ITALIAN,1,This is a wider card with supporting text below as a natural lead-in to additional content. This content is a little bit longer.,750,Bella Vita,1,ITALIAN/Food/Bella Vita/steak.jpg
ALFREDO PASTA,ITALIAN,1,This is a wider card with supporting text below as a natural lead-in to additional content. This content is a little bit longer.,950,Delfrio,2,ITALIAN/Food/Delfrio/alfredo pasta.jpg
BEEF LASAGNA,ITALIAN,1,This is a wider card with supporting text below as a natural lead-in to additional content. This content is a little bit longer.,1400,Delfrio,2,ITALIAN/Food/Delfrio/beef lasagna.jpg
CALZONE,ITALIAN,1,This is a wider card with supporting text below as a natural lead-in to additional content. This content is a little bit longer.,1000,Delfrio,2,ITALIAN/Food/Delfrio/calzone.jpg
CHICKEN LASAGNA,ITALIAN,1,This is a wider card with supporting text below as a natural lead-in to additional content. This content is a little bit longer.,1100,Delfrio,2,ITALIAN/Food/Delfrio/CHICKEN LASAGNA.jpg
Focaccia,ITALIAN,1,This is a wider card with supporting text below as a natural lead-in to additional content. This content is a little bit longer.,800,Delfrio,2,ITALIAN/Food/Delfrio/Focaccia.jpg
PIZZA LARGE,ITALIAN,1,This is a wider card with supporting text below as a natural lead-in to additional content. This content is a little bit longer.,1200,Delfrio,2,ITALIAN/Food/Delfrio/large pizza.jpg
SPECIAL PASTA,ITALIAN,1,This is a wider card with supporting text below as a natural lead-in to additional content. This content is a little bit longer.,1100,Delfrio,2,ITALIAN/Food/Delfrio/pasta.webp
PIZZA MEDIUM,ITALIAN,1,This is a wider card with supporting text below as a natural lead-in to additional content. This content is a little bit longer.,800,Delfrio,2,ITALIAN/Food/Delfrio/regular pizza.jpg
PIZZA SMALL,ITALIAN,1,This is a wider card with supporting text below as a natural lead-in to additional content. This content is a little bit longer.,300,Delfrio,2,ITALIAN/Food/Delfrio/small pizza.jpg
Spaghetti,ITALIAN,1,This is a wider card with supporting text below as a natural lead-in to additional content. This content is a little bit longer.,450,Delfrio,2,ITALIAN/Food/Delfrio/Spaghetti.jpg
STEAK,ITALIAN,1,This is a wider card with supporting text below as a natural lead-in to additional content. This content is a little bit longer.,1550,Delfrio,2,ITALIAN/Food/Delfrio/STEAK.jpg
Stuffed Ravioli,ITALIAN,1,This is a wider card with supporting text below as a natural lead-in to additional content. This content is a little bit longer.,750,Delfrio,2,ITALIAN/Food/Delfrio/Stuffed Ravioli.jpg
ALFREDO PASTA,ITALIAN,1,This is a wider card with supporting text below as a natural lead-in to additional content. This content is a little bit longer.,950,The hotspot,3,ITALIAN/Food/The hot spot/alfredo pasta.webp
BEEF LASAGNA,ITALIAN,1,This is a wider card with supporting text below as a natural lead-in to additional content. This content is a little bit longer.,1400,The hotspot,3,ITALIAN/Food/The hot spot/beef lasagna.jpg
CALZONE,ITALIAN,1,This is a wider card with supporting text below as a natural lead-in to additional content. This content is a little bit longer.,1000,The hotspot,3,ITALIAN/Food/The hot spot/calzone.jpg
CHICKEN LASAGNA,ITALIAN,1,This is a wider card with supporting text below as a natural lead-in to additional content. This content is a little bit longer.,1100,The hotspot,3,ITALIAN/Food/The hot spot/CHICKEN LASAGNA.jpg
Focaccia,ITALIAN,1,This is a wider card with supporting text below as a natural lead-in to additional content. This content is a little bit longer.,800,The hotspot,3,ITALIAN/Food/The hot spot/Focaccia.jpg
PIZZA LARGE,ITALIAN,1,This is a wider card with supporting text below as a natural lead-in to additional content. This content is a little bit longer.,1200,The hotspot,3,ITALIAN/Food/The hot spot/large pizza.jpg
SPECIAL PASTA,ITALIAN,1,This is a wider card with supporting text below as a natural lead-in to additional content. This content is a little bit longer.,1100,The hotspot,3,ITALIAN/Food/The hot spot/pasta.webp
PIZZA MEDIUM,ITALIAN,1,This is a wider card with supporting text below as a natural lead-in to additional content. This content is a little bit longer.,800,The hotspot,3,ITALIAN/Food/The hot spot/regular pizza.jpg
PIZZA SMALL,ITALIAN,1,This is a wider card with supporting text below as a natural lead-in to additional content. This content is a little bit longer.,300,The hotspot,3,ITALIAN/Food/The hot spot/small pizza.jpg
Spaghetti,ITALIAN,1,This is a wider card with supporting text below as a natural lead-in to additional content. This content is a little bit longer.,450,The hotspot,3,ITALIAN/Food/The hot spot/Spaghetti.webp
STEAK,ITALIAN,1,This is a wider card with supporting text below as a natural lead-in to additional content. This content is a little bit longer.,1550,The hotspot,3,ITALIAN/Food/The hot spot/STEAK.jpg
Stuffed Ravioli,ITALIAN,1,This is a wider card with supporting text below as a natural lead-in to additional content. This content is a little bit longer.,750,The hotspot,3,ITALIAN/Food/The hot spot/Stuffed Ravioli.jpg
ALFREDO PASTA,ITALIAN,1,This is a wider card with supporting text below as a natural lead-in to additional content. This content is a little bit longer.,950,Pizza Hut,4,ITALIAN/Food/Pizza Hut/alfredo pasta.jpg
BEEF LASAGNA,ITALIAN,1,This is a wider card with supporting text below as a natural lead-in to additional content. This content is a little bit longer.,1400,Pizza Hut,4,ITALIAN/Food/Pizza Hut/beef lasagna.jpg
CALZONE,ITALIAN,1,This is a wider card with supporting text below as a natural lead-in to additional content. This content is a little bit longer.,1000,Pizza Hut,4,ITALIAN/Food/Pizza Hut/calzone.jpg
CHICKEN LASAGNA,ITALIAN,1,This is a wider card with supporting text below as a natural lead-in to additional content. This content is a little bit longer.,1100,Pizza Hut,4,ITALIAN/Food/Pizza Hut/CHICKEN LASAGNA.jpg
Focaccia,ITALIAN,1,This is a wider card with supporting text below as a natural lead-in to additional content. This content is a little bit longer.,800,Pizza Hut,4,ITALIAN/Food/Pizza Hut/Focaccia.jpg
PIZZA LARGE,ITALIAN,1,This is a wider card with supporting text below as a natural lead-in to additional content. This content is a little bit longer.,1200,Pizza Hut,4,ITALIAN/Food/Pizza Hut/large pizza.jpg
SPECIAL PASTA,ITALIAN,1,This is a wider card with supporting text below as a natural lead-in to additional content. This content is a little bit longer.,1100,Pizza Hut,4,ITALIAN/Food/Pizza Hut/pasta.webp
PIZZA MEDIUM,ITALIAN,1,This is a wider card with supporting text below as a natural lead-in to additional content. This content is a little bit longer.,800,Pizza Hut,4,ITALIAN/Food/Pizza Hut/regular pizza.jpg
PIZZA SMALL,ITALIAN,1,This is a wider card with supporting text below as a natural lead-in to additional content. This content is a little bit longer.,300,Pizza Hut,4,ITALIAN/Food/Pizza Hut/small pizza.jpg
Spaghetti,ITALIAN,1,This is a wider card with supporting text below as a natural lead-in to additional content. This content is a little bit longer.,450,Pizza Hut,4,ITALIAN/Food/Pizza Hut/Spaghetti.jpg
STEAK,ITALIAN,1,This is a wider card with supporting text below as a natural lead-in to additional content. This content is a little bit longer.,1550,Pizza Hut,4,ITALIAN/Food/Pizza Hut/STEAK.jpg
Stuffed Ravioli,ITALIAN,1,This is a wider card with supporting text below as a natural lead-in to additional content. This content is a little bit longer.,750,Pizza Hut,4,ITALIAN/Food/Pizza Hut/Stuffed Ravioli.jpg
BEEF CHOWMEIN,CHINESE,2,This is a wider card with supporting text below as a natural lead-in to additional content. This content is a little bit longer.,650,Ginsoy,5,CHINESE/FOOD/Ginsoy/beef chowmein.jpg
CHICKEN CHOWMEIN,CHINESE,2,This is a wider card with supporting text below as a natural lead-in to additional content. This content is a little bit longer.,450,Ginsoy,5,CHINESE/FOOD/Ginsoy/chicken chowmein.jpg
CHICKEN FRIED RICE,CHINESE,2,This is a wider card with supporting text below as a natural lead-in to additional content. This content is a little bit longer.,850,Ginsoy,5,CHINESE/FOOD/Ginsoy/CHICKEN FRIED RICE.jpg
CHICKEN SHASHLIK WITH RICE,CHINESE,2,This is a wider card with supporting text below as a natural lead-in to additional content. This content is a little bit longer.,800,Ginsoy,5,CHINESE/FOOD/Ginsoy/CHICKEN SHASHLIK WITH RICE.jpg
 Dumplings (12 pcs),CHINESE,2,This is a wider card with supporting text below as a natural lead-in to additional content. This content is a little bit longer.,500,Ginsoy,5,CHINESE/FOOD/Ginsoy/Dumplings.jpg
Hot Pot,CHINESE,2,This is a wider card with supporting text below as a natural lead-in to additional content. This content is a little bit longer.,600,Ginsoy,5,CHINESE/FOOD/Ginsoy/Hot Pot.jpg
Kung Pao Chicken,CHINESE,2,This is a wider card with supporting text below as a natural lead-in to additional content. This content is a little bit longer.,850,Ginsoy,5,CHINESE/FOOD/Ginsoy/Kung Pao Chicken.jpg
MANCHURIAN,CHINESE,2,This is a wider card with supporting text below as a natural lead-in to additional content. This content is a little bit longer.,800,Ginsoy,5,CHINESE/FOOD/Ginsoy/MANCHURIAN.jpg
Peking Roasted Duck,CHINESE,2,This is a wider card with supporting text below as a natural lead-in to additional content. This content is a little bit longer.,1000,Ginsoy,5,CHINESE/FOOD/Ginsoy/Peking Roasted Duck.jpg
 Scrambled Eggs with Tomatoes,CHINESE,2,This is a wider card with supporting text below as a natural lead-in to additional content. This content is a little bit longer.,600,Ginsoy,5,CHINESE/FOOD/Ginsoy/Scrambled Eggs with Tomatoes.jpg
Shrimp with Vermicelli and Garlic,CHINESE,2,This is a wider card with supporting text below as a natural lead-in to additional content. This content is a little bit longer.,650,Ginsoy,5,CHINESE/FOOD/Ginsoy/Shrimp with Vermicelli and Garlic.jpg
SPRING ROLL (12 pcs),CHINESE,2,This is a wider card with supporting text below as a natural lead-in to additional content. This content is a little bit longer.,300,Ginsoy,5,CHINESE/FOOD/Ginsoy/SPRING ROLL.jpg
Wontons (12 pcs),CHINESE,2,This is a wider card with supporting text below as a natural lead-in to additional content. This content is a little bit longer.,600,Ginsoy,5,CHINESE/FOOD/Ginsoy/Wontons.jpg
Yangzhou Fried Rice,CHINESE,2,This is a wider card with supporting text below as a natural lead-in to additional content. This content is a little bit longer.,850,Ginsoy,5,CHINESE/FOOD/Ginsoy/Yangzhou Fried Rice.jpg
BEEF CHOWMEIN,CHINESE,2,This is a wider card with supporting text below as a natural lead-in to additional content. This content is a little bit longer.,650,tao,7,CHINESE/FOOD/tao/beef chowmein.jpg
BEEF CHOWMEIN,CHINESE,2,This is a wider card with supporting text below as a natural lead-in to additional content. This content is a little bit longer.,650,xian,6,CHINESE/FOOD/xian/beef chowmein.jpg
CHICKEN CHOWMEIN,CHINESE,2,This is a wider card with supporting text below as a natural lead-in to additional content. This content is a little bit longer.,450,xian,6,CHINESE/FOOD/xian/chicken chowmein.jpg
CHICKEN FRIED RICE,CHINESE,2,This is a wider card with supporting text below as a natural lead-in to additional content. This content is a little bit longer.,850,xian,6,CHINESE/FOOD/xian/CHICKEN FRIED RICE.jpg
CHICKEN SHASHLIK WITH RICE,CHINESE,2,This is a wider card with supporting text below as a natural lead-in to additional content. This content is a little bit longer.,800,xian,6,CHINESE/FOOD/xian/CHICKEN SHASHLIK WITH RICE.jpeg
 Dumplings (12 pcs),CHINESE,2,This is a wider card with supporting text below as a natural lead-in to additional content. This content is a little bit longer.,500,xian,6,CHINESE/FOOD/xian/Dumplings.jpg
Hot Pot,CHINESE,2,This is a wider card with supporting text below as a natural lead-in to additional content. This content is a little bit longer.,600,xian,6,CHINESE/FOOD/xian/Hot Pot.jpg
Kung Pao Chicken,CHINESE,2,This is a wider card with supporting text below as a natural lead-in to additional content. This content is a little bit longer.,850,xian,6,CHINESE/FOOD/xian/Kung Pao Chicken.jpg
MANCHURIAN,CHINESE,2,This is a wider card with supporting text below as a natural lead-in to additional content. This content is a little bit longer.,800,xian,6,CHINESE/FOOD/xian/MANCHURIAN.jpg
Peking Roasted Duck,CHINESE,2,This is a wider card with supporting text below as a natural lead-in to additional content. This content is a little bit longer.,1000,xian,6,CHINESE/FOOD/xian/Peking Roasted Duck.jpg
 Scrambled Eggs with Tomatoes,CHINESE,2,This is a wider card with supporting text below as a natural lead-in to additional content. This content is a little bit longer.,600,xian,6,CHINESE/FOOD/xian/Scrambled Eggs with Tomatoes.jpg
Shrimp with Vermicelli and Garlic,CHINESE,2,This is a wider card with supporting text below as a natural lead-in to additional content. This content is a little bit longer.,650,xian,6,CHINESE/FOOD/xian/Shrimp with Vermicelli and Garlic.jpg
SPRING ROLL (12 pcs),CHINESE,2,This is a wider card with supporting text below as a natural lead-in to additional content. This content is a little bit longer.,300,xian,6,CHINESE/FOOD/xian/SPRING ROLL.jpg
Wontons (12 pcs),CHINESE,2,This is a wider card with supporting text below as a natural lead-in to additional content. This content is a little bit longer.,600,xian,6,CHINESE/FOOD/xian/Wontons.jpg
Yangzhou Fried Rice,CHINESE,2,This is a wider card with supporting text below as a natural lead-in to additional content. This content is a little bit longer.,850,xian,6,CHINESE/FOOD/xian/Yangzhou Fried Rice.webp
CHICKEN FRIED RICE,CHINESE,2,This is a wider card with supporting text below as a natural lead-in to additional content. This content is a little bit longer.,850,tao,7,CHINESE/FOOD/tao/CHICKEN FRIED RICE.jpg
CHICKEN SHASHLIK WITH RICE,CHINESE,2,This is a wider card with supporting text below as a natural lead-in to additional content. This content is a little bit longer.,800,tao,7,CHINESE/FOOD/tao/CHICKEN SHASHLIK WITH RICE.jpeg
 Dumplings (12 pcs),CHINESE,2,This is a wider card with supporting text below as a natural lead-in to additional content. This content is a little bit longer.,500,tao,7,CHINESE/FOOD/tao/Dumplings.jpg
Hot Pot,CHINESE,2,This is a wider card with supporting text below as a natural lead-in to additional content. This content is a little bit longer.,600,tao,7,CHINESE/FOOD/tao/Hot Pot.jpg
Kung Pao Chicken,CHINESE,2,This is a wider card with supporting text below as a natural lead-in to additional content. This content is a little bit longer.,850,tao,7,CHINESE/FOOD/tao/Kung Pao Chicken.jpg
MANCHURIAN,CHINESE,2,This is a wider card with supporting text below as a natural lead-in to additional content. This content is a little bit longer.,800,tao,7,CHINESE/FOOD/tao/MANCHURIAN.jpg
Peking Roasted Duck,CHINESE,2,This is a wider card with supporting text below as a natural lead-in to additional content. This content is a little bit longer.,1000,tao,7,CHINESE/FOOD/tao/Peking Roasted Duck.jpg
 Scrambled Eggs with Tomatoes,CHINESE,2,This is a wider card with supporting text below as a natural lead-in to additional content. This content is a little bit longer.,600,tao,7,CHINESE/FOOD/tao/Scrambled Eggs with Tomatoes.jpg
Shrimp with Vermicelli and Garlic,CHINESE,2,This is a wider card with supporting text below as a natural lead-in to additional content. This content is a little bit longer.,650,tao,7,CHINESE/FOOD/tao/Shrimp with Vermicelli and Garlic.jpg
SPRING ROLL (12 pcs),CHINESE,2,This is a wider card with supporting text below as a natural lead-in to additional content. This content is a little bit longer.,300,tao,7,CHINESE/FOOD/tao/SPRING ROLL.jpg
Wontons (12 pcs),CHINESE,2,This is a wider card with supporting text below as a natural lead-in to additional content. This content is a little bit longer.,600,tao,7,CHINESE/FOOD/tao/Wontons.jpg
Yangzhou Fried Rice,CHINESE,2,This is a wider card with supporting text below as a natural lead-in to additional content. This content is a little bit longer.,850,tao,7,CHINESE/FOOD/tao/Yangzhou Fried Rice.jpeg
BEEF CHOWMEIN,CHINESE,2,This is a wider card with supporting text below as a natural lead-in to additional content. This content is a little bit longer.,650,bam-bou,8,CHINESE/FOOD/bam bou/beef chowmein.jpg
CHICKEN CHOWMEIN,CHINESE,2,This is a wider card with supporting text below as a natural lead-in to additional content. This content is a little bit longer.,450,bam-bou,8,CHINESE/FOOD/bam bou/chicken chowmein.jpg
CHICKEN FRIED RICE,CHINESE,2,This is a wider card with supporting text below as a natural lead-in to additional content. This content is a little bit longer.,850,bam-bou,8,CHINESE/FOOD/bam bou/CHICKEN FRIED RICE.jpg
CHICKEN SHASHLIK WITH RICE,CHINESE,2,This is a wider card with supporting text below as a natural lead-in to additional content. This content is a little bit longer.,800,bam-bou,8,CHINESE/FOOD/bam bou/CHICKEN SHASHLIK WITH RICE.jpg
 Dumplings (12 pcs),CHINESE,2,This is a wider card with supporting text below as a natural lead-in to additional content. This content is a little bit longer.,500,bam-bou,8,CHINESE/FOOD/bam bou/Dumplings.jpg
Hot Pot,CHINESE,2,This is a wider card with supporting text below as a natural lead-in to additional content. This content is a little bit longer.,600,bam-bou,8,CHINESE/FOOD/bam bou/Hot Pot.jpg
Kung Pao Chicken,CHINESE,2,This is a wider card with supporting text below as a natural lead-in to additional content. This content is a little bit longer.,850,bam-bou,8,CHINESE/FOOD/bam bou/Kung Pao Chicken.jpg
MANCHURIAN,CHINESE,2,This is a wider card with supporting text below as a natural lead-in to additional content. This content is a little bit longer.,800,bam-bou,8,CHINESE/FOOD/bam bou/MANCHURIAN.jpg
Peking Roasted Duck,CHINESE,2,This is a wider card with supporting text below as a natural lead-in to additional content. This content is a little bit longer.,1000,bam-bou,8,CHINESE/FOOD/bam bou/Peking Roasted Duck.jpg
 Scrambled Eggs with Tomatoes,CHINESE,2,This is a wider card with supporting text below as a natural lead-in to additional content. This content is a little bit longer.,600,bam-bou,8,CHINESE/FOOD/bam bou/Scrambled Eggs with Tomatoes.jpg
Shrimp with Vermicelli and Garlic,CHINESE,2,This is a wider card with supporting text below as a natural lead-in to additional content. This content is a little bit longer.,650,bam-bou,8,CHINESE/FOOD/bam bou/Shrimp with Vermicelli and Garlic.jpg
SPRING ROLL (12 pcs),CHINESE,2,This is a wider card with supporting text below as a natural lead-in to additional content. This content is a little bit longer.,300,bam-bou,8,CHINESE/FOOD/bam bou/SPRING ROLL.jpg
Wontons (12 pcs),CHINESE,2,This is a wider card with supporting text below as a natural lead-in to additional content. This content is a little bit longer.,600,bam-bou,8,CHINESE/FOOD/bam bou/Wontons.jpg
Yangzhou Fried Rice,CHINESE,2,This is a wider card with supporting text below as a natural lead-in to additional content. This content is a little bit longer.,850,bam-bou,8,CHINESE/FOOD/bam bou/Yangzhou Fried Rice.jpg
CHICKEN CHOWMEIN,CHINESE,2,This is a wider card with supporting text below as a natural lead-in to additional content. This content is a little bit longer.,450,tao,7,CHINESE/FOOD/tao/chicken chowmein.jpg
BEEF BURGER,FAST FOOD,3,This is a wider card with supporting text below as a natural lead-in to additional content. This content is a little bit longer.,300,hardee's,9,Fast Food/food/Hardee's/BEEF BURGER.jpg
CHICKEN BROAST,FAST FOOD,3,This is a wider card with supporting text below as a natural lead-in to additional content. This content is a little bit longer.,350,hardee's,9,Fast Food/food/Hardee's/CHICKEN BROAST.jpg
CHICKEN BURGER,FAST FOOD,3,This is a wider card with supporting text below as a natural lead-in to additional content. This content is a little bit longer.,250,hardee's,9,Fast Food/food/Hardee's/CHICKEN BURGER.jpg
CHICKEN NUGGETS (12 PCS),FAST FOOD,3,This is a wider card with supporting text below as a natural lead-in to additional content. This content is a little bit longer.,600,hardee's,9,Fast Food/food/Hardee's/CHICKEN NUGGETS.jpg
CHICKEN WINGS (12 PCS),FAST FOOD,3,This is a wider card with supporting text below as a natural lead-in to additional content. This content is a little bit longer.,870,hardee's,9,Fast Food/food/Hardee's/CHICKEN WINGS.jpg
CHICKEN WRAP,FAST FOOD,3,This is a wider card with supporting text below as a natural lead-in to additional content. This content is a little bit longer.,500,hardee's,9,Fast Food/food/Hardee's/CHICKEN WRAP.jpg
CHICKEN ZINGER BURGER,FAST FOOD,3,This is a wider card with supporting text below as a natural lead-in to additional content. This content is a little bit longer.,450,hardee's,9,Fast Food/food/Hardee's/CHICKEN ZINGER BURGER.jpg
CLUB SANDWICH,FAST FOOD,3,This is a wider card with supporting text below as a natural lead-in to additional content. This content is a little bit longer.,450,hardee's,9,Fast Food/food/Hardee's/CLUB SANDWICH.jpg
DACO TACO,FAST FOOD,3,This is a wider card with supporting text below as a natural lead-in to additional content. This content is a little bit longer.,400,hardee's,9,Fast Food/food/Hardee's/DACO TACO.jpeg
FRENCH FRIES,FAST FOOD,3,This is a wider card with supporting text below as a natural lead-in to additional content. This content is a little bit longer.,150,hardee's,9,Fast Food/food/Hardee's/FRENCH FRIES.jpg
HOT DOG,FAST FOOD,3,This is a wider card with supporting text below as a natural lead-in to additional content. This content is a little bit longer.,400,hardee's,9,Fast Food/food/Hardee's/HOT DOG.jpg
CHICKEN BROAST,FAST FOOD,3,This is a wider card with supporting text below as a natural lead-in to additional content. This content is a little bit longer.,350,kfc,10,Fast Food/food/KFC/CHICKEN BROAST.jpg
CHICKEN BURGER,FAST FOOD,3,This is a wider card with supporting text below as a natural lead-in to additional content. This content is a little bit longer.,250,kfc,10,Fast Food/food/KFC/CHICKEN BURGER.jpg
CHICKEN NUGGETS (12 PCS),FAST FOOD,3,This is a wider card with supporting text below as a natural lead-in to additional content. This content is a little bit longer.,600,kfc,10,Fast Food/food/KFC/CHICKEN NUGGETS.jpg
CHICKEN WINGS (12 PCS),FAST FOOD,3,This is a wider card with supporting text below as a natural lead-in to additional content. This content is a little bit longer.,870,kfc,10,Fast Food/food/KFC/CHICKEN WINGS.jpg
CHICKEN WRAP,FAST FOOD,3,This is a wider card with supporting text below as a natural lead-in to additional content. This content is a little bit longer.,500,kfc,10,Fast Food/food/KFC/CHICKEN WRAP.jpg
CHICKEN ZINGER BURGER,FAST FOOD,3,This is a wider card with supporting text below as a natural lead-in to additional content. This content is a little bit longer.,450,kfc,10,Fast Food/food/KFC/CHICKEN ZINGER BURGER.jpg
CLUB SANDWICH,FAST FOOD,3,This is a wider card with supporting text below as a natural lead-in to additional content. This content is a little bit longer.,450,kfc,10,Fast Food/food/KFC/CLUB SANDWICH.jpg
DACO TACO,FAST FOOD,3,This is a wider card with supporting text below as a natural lead-in to additional content. This content is a little bit longer.,400,kfc,10,Fast Food/food/KFC/DACO TACO.jpeg
FRENCH FRIES,FAST FOOD,3,This is a wider card with supporting text below as a natural lead-in to additional content. This content is a little bit longer.,150,kfc,10,Fast Food/food/KFC/FRENCH FRIES.jpg
HOT DOG,FAST FOOD,3,This is a wider card with supporting text below as a natural lead-in to additional content. This content is a little bit longer.,400,kfc,10,Fast Food/food/KFC/HOT DOG.jpg
BEEF BURGER,FAST FOOD,3,This is a wider card with supporting text below as a natural lead-in to additional content. This content is a little bit longer.,300,kfc,10,Fast Food/food/KFC/BEEF BURGER.jpg
BEEF BURGER,FAST FOOD,3,This is a wider card with supporting text below as a natural lead-in to additional content. This content is a little bit longer.,300,boviChic,11,Fast Food/food/boviChic/BEEF BURGER.jpg
CHICKEN BROAST,FAST FOOD,3,This is a wider card with supporting text below as a natural lead-in to additional content. This content is a little bit longer.,350,boviChic,11,Fast Food/food/boviChic/CHICKEN BROAST.jpg
CHICKEN BURGER,FAST FOOD,3,This is a wider card with supporting text below as a natural lead-in to additional content. This content is a little bit longer.,250,boviChic,11,Fast Food/food/boviChic/CHICKEN BURGER.jpg
CHICKEN NUGGETS (12 PCS),FAST FOOD,3,This is a wider card with supporting text below as a natural lead-in to additional content. This content is a little bit longer.,600,boviChic,11,Fast Food/food/boviChic/CHICKEN NUGGETS.jpg
CHICKEN WINGS (12 PCS),FAST FOOD,3,This is a wider card with supporting text below as a natural lead-in to additional content. This content is a little bit longer.,870,boviChic,11,Fast Food/food/boviChic/CHICKEN WINGS.jpg
CHICKEN WRAP,FAST FOOD,3,This is a wider card with supporting text below as a natural lead-in to additional content. This content is a little bit longer.,500,boviChic,11,Fast Food/food/boviChic/CHICKEN WRAP.jpg
CHICKEN ZINGER BURGER,FAST FOOD,3,This is a wider card with supporting text below as a natural lead-in to additional content. This content is a little bit longer.,450,boviChic,11,Fast Food/food/boviChic/CHICKEN ZINGER BURGER.jpg
CLUB SANDWICH,FAST FOOD,3,This is a wider card with supporting text below as a natural lead-in to additional content. This content is a little bit longer.,450,boviChic,11,Fast Food/food/boviChic/CLUB SANDWICH.jpg
DACO TACO,FAST FOOD,3,This is a wider card with supporting text below as a natural lead-in to additional content. This content is a little bit longer.,400,boviChic,11,Fast Food/food/boviChic/DACO TACO.jpeg
FRENCH FRIES,FAST FOOD,3,This is a wider card with supporting text below as a natural lead-in to additional content. This content is a little bit longer.,150,boviChic,11,Fast Food/food/boviChic/FRENCH FRIES.jpg
HOT DOG,FAST FOOD,3,This is a wider card with supporting text below as a natural lead-in to additional content. This content is a little bit longer.,400,boviChic,11,Fast Food/food/boviChic/HOT DOG.jpg
BEEF BURGER,FAST FOOD,3,This is a wider card with supporting text below as a natural lead-in to additional content. This content is a little bit longer.,300,howdy,12,Fast Food/food/Howdy/BEEF BURGER.jpg
CHICKEN BROAST,FAST FOOD,3,This is a wider card with supporting text below as a natural lead-in to additional content. This content is a little bit longer.,350,howdy,12,Fast Food/food/Howdy/CHICKEN BROAST.jpg
CHICKEN BURGER,FAST FOOD,3,This is a wider card with supporting text below as a natural lead-in to additional content. This content is a little bit longer.,250,howdy,12,Fast Food/food/Howdy/CHICKEN BURGER.jpg
CHICKEN NUGGETS (12 PCS),FAST FOOD,3,This is a wider card with supporting text below as a natural lead-in to additional content. This content is a little bit longer.,600,howdy,12,Fast Food/food/Howdy/CHICKEN NUGGETS.jpg
CHICKEN WINGS (12 PCS),FAST FOOD,3,This is a wider card with supporting text below as a natural lead-in to additional content. This content is a little bit longer.,870,howdy,12,Fast Food/food/Howdy/CHICKEN WINGS.jpg
CHICKEN WRAP,FAST FOOD,3,This is a wider card with supporting text below as a natural lead-in to additional content. This content is a little bit longer.,500,howdy,12,Fast Food/food/Howdy/CHICKEN WRAP.jpg
CHICKEN ZINGER BURGER,FAST FOOD,3,This is a wider card with supporting text below as a natural lead-in to additional content. This content is a little bit longer.,450,howdy,12,Fast Food/food/Howdy/CHICKEN ZINGER BURGER.jpg
CLUB SANDWICH,FAST FOOD,3,This is a wider card with supporting text below as a natural lead-in to additional content. This content is a little bit longer.,450,howdy,12,Fast Food/food/Howdy/CLUB SANDWICH.jpg
DACO TACO,FAST FOOD,3,This is a wider card with supporting text below as a natural lead-in to additional content. This content is a little bit longer.,400,howdy,12,Fast Food/food/Howdy/DACO TACO.jpeg
FRENCH FRIES,FAST FOOD,3,This is a wider card with supporting text below as a natural lead-in to additional content. This content is a little bit longer.,150,howdy,12,Fast Food/food/Howdy/FRENCH FRIES.jpg
HOT DOG,FAST FOOD,3,This is a wider card with supporting text below as a natural lead-in to additional content. This content is a little bit longer.,400,howdy,12,Fast Food/food/Howdy/HOT DOG.jpg
AFGHANI BEEF BOTI (6 sticks),BBQ,4,This is a wider card with supporting text below as a natural lead-in to additional content. This content is a little bit longer.,250,monal,13,bbq/food/MONAL/AFGHANI BEEF BOTI.jpg
BEEF BOTI PLATE,BBQ,4,This is a wider card with supporting text below as a natural lead-in to additional content. This content is a little bit longer.,400,monal,13,bbq/food/MONAL/BEEF BOTI PLATE.jpg
CHICKEN BOTI PLATE,BBQ,4,This is a wider card with supporting text below as a natural lead-in to additional content. This content is a little bit longer.,300,monal,13,bbq/food/MONAL/CHICKEN BOTI PLATE.jpg
CHICKEN TIKKA (LEG),BBQ,4,This is a wider card with supporting text below as a natural lead-in to additional content. This content is a little bit longer.,250,monal,13,bbq/food/MONAL/CHICKEN TIKKA (LEG).jpg
CHICKEN TIKKA (CHEST),BBQ,4,This is a wider card with supporting text below as a natural lead-in to additional content. This content is a little bit longer.,300,monal,13,bbq/food/MONAL/CHICKEN TIKKA.jpg
GOLA KABAB,BBQ,4,This is a wider card with supporting text below as a natural lead-in to additional content. This content is a little bit longer.,400,monal,13,bbq/food/MONAL/GOLA KABAB.jpg
MALAI BOTI,BBQ,4,This is a wider card with supporting text below as a natural lead-in to additional content. This content is a little bit longer.,300,monal,13,bbq/food/MONAL/MALAI BOTI.jpg
MUTTON RIBS,BBQ,4,This is a wider card with supporting text below as a natural lead-in to additional content. This content is a little bit longer.,1050,monal,13,bbq/food/MONAL/MUTTON CHOMPS.jpg
MUTTON CHOMPS (6 pcs),BBQ,4,This is a wider card with supporting text below as a natural lead-in to additional content. This content is a little bit longer.,880,monal,13,bbq/food/MONAL/MUTTON RIBS.jpg
RESHMI KABAB,BBQ,4,This is a wider card with supporting text below as a natural lead-in to additional content. This content is a little bit longer.,350,monal,13,bbq/food/MONAL/RESHMI KABAB.jpg
AFGHANI BEEF BOTI (6 sticks),BBQ,4,This is a wider card with supporting text below as a natural lead-in to additional content. This content is a little bit longer.,250,haveli,14,bbq/food/HAVELI/AFGHANI BEEF BOTI.jpg
BEEF BOTI PLATE,BBQ,4,This is a wider card with supporting text below as a natural lead-in to additional content. This content is a little bit longer.,400,haveli,14,bbq/food/HAVELI/BEEF BOTI PLATE.jpg
CHICKEN BOTI PLATE,BBQ,4,This is a wider card with supporting text below as a natural lead-in to additional content. This content is a little bit longer.,300,haveli,14,bbq/food/HAVELI/CHICKEN BOTI PLATE.jpg
CHICKEN TIKKA (LEG),BBQ,4,This is a wider card with supporting text below as a natural lead-in to additional content. This content is a little bit longer.,250,haveli,14,bbq/food/HAVELI/CHICKEN TIKKA (LEG).jpg
CHICKEN TIKKA (CHEST),BBQ,4,This is a wider card with supporting text below as a natural lead-in to additional content. This content is a little bit longer.,300,haveli,14,bbq/food/HAVELI/CHICKEN TIKKA.jpg
GOLA KABAB,BBQ,4,This is a wider card with supporting text below as a natural lead-in to additional content. This content is a little bit longer.,400,haveli,14,bbq/food/HAVELI/GOLA KABAB.jpg
MALAI BOTI,BBQ,4,This is a wider card with supporting text below as a natural lead-in to additional content. This content is a little bit longer.,300,haveli,14,bbq/food/HAVELI/MALAI BOTI.jpg
MUTTON RIBS,BBQ,4,This is a wider card with supporting text below as a natural lead-in to additional content. This content is a little bit longer.,1050,haveli,14,bbq/food/HAVELI/MUTTON CHOMPS.jpg
MUTTON CHOMPS (6 pcs),BBQ,4,This is a wider card with supporting text below as a natural lead-in to additional content. This content is a little bit longer.,880,haveli,14,bbq/food/HAVELI/MUTTON RIBS.jpg
RESHMI KABAB,BBQ,4,This is a wider card with supporting text below as a natural lead-in to additional content. This content is a little bit longer.,350,haveli,14,bbq/food/HAVELI/RESHMI KABAB.jpeg
AFGHANI BEEF BOTI (6 sticks),BBQ,4,This is a wider card with supporting text below as a natural lead-in to additional content. This content is a little bit longer.,250,B.B.Q Tonight,15,bbq/food/BBQ TONIGHT/AFGHANI BEEF BOTI.jpg
BEEF BOTI PLATE,BBQ,4,This is a wider card with supporting text below as a natural lead-in to additional content. This content is a little bit longer.,400,B.B.Q Tonight,15,bbq/food/BBQ TONIGHT/BEEF BOTI PLATE.jpg
CHICKEN BOTI PLATE,BBQ,4,This is a wider card with supporting text below as a natural lead-in to additional content. This content is a little bit longer.,300,B.B.Q Tonight,15,bbq/food/BBQ TONIGHT/CHICKEN BOTI PLATE.jpg
CHICKEN TIKKA (LEG),BBQ,4,This is a wider card with supporting text below as a natural lead-in to additional content. This content is a little bit longer.,250,B.B.Q Tonight,15,bbq/food/BBQ TONIGHT/CHICKEN TIKKA (LEG).jpg
CHICKEN TIKKA (CHEST),BBQ,4,This is a wider card with supporting text below as a natural lead-in to additional content. This content is a little bit longer.,300,B.B.Q Tonight,15,bbq/food/BBQ TONIGHT/CHICKEN TIKKA.jpg
GOLA KABAB,BBQ,4,This is a wider card with supporting text below as a natural lead-in to additional content. This content is a little bit longer.,400,B.B.Q Tonight,15,bbq/food/BBQ TONIGHT/GOLA KABAB.jpg
MALAI BOTI,BBQ,4,This is a wider card with supporting text below as a natural lead-in to additional content. This content is a little bit longer.,300,B.B.Q Tonight,15,bbq/food/BBQ TONIGHT/MALAI BOTI.jpg
MUTTON RIBS,BBQ,4,This is a wider card with supporting text below as a natural lead-in to additional content. This content is a little bit longer.,1050,B.B.Q Tonight,15,bbq/food/BBQ TONIGHT/MUTTON CHOMPS.jpg
MUTTON CHOMPS (6 pcs),BBQ,4,This is a wider card with supporting text below as a natural lead-in to additional content. This content is a little bit longer.,880,B.B.Q Tonight,15,bbq/food/BBQ TONIGHT/MUTTON RIBS.jpg
RESHMI KABAB,BBQ,4,This is a wider card with supporting text below as a natural lead-in to additional content. This content is a little bit longer.,350,B.B.Q Tonight,15,bbq/food/BBQ TONIGHT/RESHMI KABAB.jpeg
AFGHANI BEEF BOTI (6 sticks),BBQ,4,This is a wider card with supporting text below as a natural lead-in to additional content. This content is a little bit longer.,250,nando's,16,bbq/food/NANDO'S/AFGHANI BEEF BOTI.jpg
BEEF BOTI PLATE,BBQ,4,This is a wider card with supporting text below as a natural lead-in to additional content. This content is a little bit longer.,400,nando's,16,bbq/food/NANDO'S/BEEF BOTI PLATE.jpg
CHICKEN BOTI PLATE,BBQ,4,This is a wider card with supporting text below as a natural lead-in to additional content. This content is a little bit longer.,300,nando's,16,bbq/food/NANDO'S/CHICKEN BOTI PLATE.jpg
CHICKEN TIKKA (LEG),BBQ,4,This is a wider card with supporting text below as a natural lead-in to additional content. This content is a little bit longer.,250,nando's,16,bbq/food/NANDO'S/CHICKEN TIKKA (LEG).jpg
CHICKEN TIKKA (CHEST),BBQ,4,This is a wider card with supporting text below as a natural lead-in to additional content. This content is a little bit longer.,300,nando's,16,bbq/food/NANDO'S/CHICKEN TIKKA.jpg
GOLA KABAB,BBQ,4,This is a wider card with supporting text below as a natural lead-in to additional content. This content is a little bit longer.,400,nando's,16,bbq/food/NANDO'S/GOLA KABAB.jpg
MALAI BOTI,BBQ,4,This is a wider card with supporting text below as a natural lead-in to additional content. This content is a little bit longer.,300,nando's,16,bbq/food/NANDO'S/MALAI BOTI.jpg
MUTTON RIBS,BBQ,4,This is a wider card with supporting text below as a natural lead-in to additional content. This content is a little bit longer.,1050,nando's,16,bbq/food/NANDO'S/MUTTON CHOMPS.jpg
MUTTON CHOMPS (6 pcs),BBQ,4,This is a wider card with supporting text below as a natural lead-in to additional content. This content is a little bit longer.,880,nando's,16,bbq/food/NANDO'S/MUTTON RIBS.jpg
RESHMI KABAB,BBQ,4,This is a wider card with supporting text below as a natural lead-in to additional content. This content is a little bit longer.,350,nando's,16,bbq/food/NANDO'S/RESHMI KABAB.jpg
CAKE SLICE,DESSERTS,6,This is a wider card with supporting text below as a natural lead-in to additional content. This content is a little bit longer.,450,delizia,17,Desserts/Food/DELIZIA/CAKE SLICE.webp
CHOCOLATE BROWNIES (6 PCS),DESSERTS,6,This is a wider card with supporting text below as a natural lead-in to additional content. This content is a little bit longer.,220,delizia,17,Desserts/Food/DELIZIA/CHOCOLATE BROWNIES.webp
CHOCOLATE COOKIES (6 PCS),DESSERTS,6,This is a wider card with supporting text below as a natural lead-in to additional content. This content is a little bit longer.,1200,delizia,17,Desserts/Food/DELIZIA/CHOCOLATE COOKIES.webp
CHOCOLATE LAVA CAKE,DESSERTS,6,This is a wider card with supporting text below as a natural lead-in to additional content. This content is a little bit longer.,1200,delizia,17,Desserts/Food/DELIZIA/CHOCOLATE LAVA CAKE.jpg
CHURROS (6PCS),DESSERTS,6,This is a wider card with supporting text below as a natural lead-in to additional content. This content is a little bit longer.,450,delizia,17,Desserts/Food/DELIZIA/CHURROS.jpg
Crepe,DESSERTS,6,This is a wider card with supporting text below as a natural lead-in to additional content. This content is a little bit longer.,1450,delizia,17,Desserts/Food/DELIZIA/Crepe.webp
DONUTS (6 PCS),DESSERTS,6,This is a wider card with supporting text below as a natural lead-in to additional content. This content is a little bit longer.,250,delizia,17,Desserts/Food/DELIZIA/DONUTS.webp
ICE CREAM PACK (1 LTR),DESSERTS,6,This is a wider card with supporting text below as a natural lead-in to additional content. This content is a little bit longer.,660,delizia,17,Desserts/Food/DELIZIA/ICE CREAM PACK.jpg
MINI PANCAKES (12 PCS),DESSERTS,6,This is a wider card with supporting text below as a natural lead-in to additional content. This content is a little bit longer.,890,delizia,17,Desserts/Food/DELIZIA/MINI PANCAKES.jpg
SPECIAL KULFI (PACK OF 4),DESSERTS,6,This is a wider card with supporting text below as a natural lead-in to additional content. This content is a little bit longer.,880,delizia,17,Desserts/Food/DELIZIA/SPECIAL KULFI.webp
SUNDAE (ANY FLAVOR),DESSERTS,6,This is a wider card with supporting text below as a natural lead-in to additional content. This content is a little bit longer.,480,delizia,17,Desserts/Food/DELIZIA/SUNDAE.webp
WAFFLE SANDWICH,DESSERTS,6,This is a wider card with supporting text below as a natural lead-in to additional content. This content is a little bit longer.,350,delizia,17,Desserts/Food/DELIZIA/WAFFLE SANDWICH.jpg
CAKE SLICE,DESSERTS,6,This is a wider card with supporting text below as a natural lead-in to additional content. This content is a little bit longer.,450,WAFFLES AND BEYOD,18,Desserts/Food/WAFFLES AND BEYOND/CAKE SLICE.jpg
CHOCOLATE BROWNIES (6 PCS),DESSERTS,6,This is a wider card with supporting text below as a natural lead-in to additional content. This content is a little bit longer.,220,WAFFLES AND BEYOD,18,Desserts/Food/WAFFLES AND BEYOND/CHOCOLATE BROWNIES.webp
CHOCOLATE COOKIES (6 PCS),DESSERTS,6,This is a wider card with supporting text below as a natural lead-in to additional content. This content is a little bit longer.,1200,WAFFLES AND BEYOD,18,Desserts/Food/WAFFLES AND BEYOND/CHOCOLATE COOKIES.webp
CHOCOLATE LAVA CAKE,DESSERTS,6,This is a wider card with supporting text below as a natural lead-in to additional content. This content is a little bit longer.,1200,WAFFLES AND BEYOD,18,Desserts/Food/WAFFLES AND BEYOND/CHOCOLATE LAVA CAKE.jpg
CHURROS (6PCS),DESSERTS,6,This is a wider card with supporting text below as a natural lead-in to additional content. This content is a little bit longer.,450,WAFFLES AND BEYOD,18,Desserts/Food/WAFFLES AND BEYOND/CHURROS.jpg
Crepe,DESSERTS,6,This is a wider card with supporting text below as a natural lead-in to additional content. This content is a little bit longer.,1450,WAFFLES AND BEYOD,18,Desserts/Food/WAFFLES AND BEYOND/Crepe.webp
DONUTS (6 PCS),DESSERTS,6,This is a wider card with supporting text below as a natural lead-in to additional content. This content is a little bit longer.,250,WAFFLES AND BEYOD,18,Desserts/Food/WAFFLES AND BEYOND/DONUTS.jpg
ICE CREAM PACK (1 LTR),DESSERTS,6,This is a wider card with supporting text below as a natural lead-in to additional content. This content is a little bit longer.,660,WAFFLES AND BEYOD,18,Desserts/Food/WAFFLES AND BEYOND/ICE CREAM PACK.jpg
MINI PANCAKES (12 PCS),DESSERTS,6,This is a wider card with supporting text below as a natural lead-in to additional content. This content is a little bit longer.,890,WAFFLES AND BEYOD,18,Desserts/Food/WAFFLES AND BEYOND/MINI PANCAKES.jpg
SPECIAL KULFI (PACK OF 4),DESSERTS,6,This is a wider card with supporting text below as a natural lead-in to additional content. This content is a little bit longer.,880,WAFFLES AND BEYOD,18,Desserts/Food/WAFFLES AND BEYOND/SPECIAL KULFI.jpg
SUNDAE (ANY FLAVOR),DESSERTS,6,This is a wider card with supporting text below as a natural lead-in to additional content. This content is a little bit longer.,480,WAFFLES AND BEYOD,18,Desserts/Food/WAFFLES AND BEYOND/SUNDAE.webp
WAFFLE SANDWICH,DESSERTS,6,This is a wider card with supporting text below as a natural lead-in to additional content. This content is a little bit longer.,350,WAFFLES AND BEYOD,18,Desserts/Food/WAFFLES AND BEYOND/WAFFLE SANDWICH.jpg
CAKE SLICE,DESSERTS,6,This is a wider card with supporting text below as a natural lead-in to additional content. This content is a little bit longer.,450,DUNKIN DONUTS,19,Desserts/Food/DUNKIN DONUTS/CAKE SLICE.webp
CHOCOLATE BROWNIES (6 PCS),DESSERTS,6,This is a wider card with supporting text below as a natural lead-in to additional content. This content is a little bit longer.,220,DUNKIN DONUTS,19,Desserts/Food/DUNKIN DONUTS/CHOCOLATE BROWNIES.webp
CHOCOLATE COOKIES (6 PCS),DESSERTS,6,This is a wider card with supporting text below as a natural lead-in to additional content. This content is a little bit longer.,1200,DUNKIN DONUTS,19,Desserts/Food/DUNKIN DONUTS/CHOCOLATE COOKIES.webp
CHOCOLATE LAVA CAKE,DESSERTS,6,This is a wider card with supporting text below as a natural lead-in to additional content. This content is a little bit longer.,1200,DUNKIN DONUTS,19,Desserts/Food/DUNKIN DONUTS/CHOCOLATE LAVA CAKE.jpg
CHURROS (6PCS),DESSERTS,6,This is a wider card with supporting text below as a natural lead-in to additional content. This content is a little bit longer.,450,DUNKIN DONUTS,19,Desserts/Food/DUNKIN DONUTS/CHURROS.webp
Crepe,DESSERTS,6,This is a wider card with supporting text below as a natural lead-in to additional content. This content is a little bit longer.,1450,DUNKIN DONUTS,19,Desserts/Food/DUNKIN DONUTS/Crepe.webp
DONUTS (6 PCS),DESSERTS,6,This is a wider card with supporting text below as a natural lead-in to additional content. This content is a little bit longer.,250,DUNKIN DONUTS,19,Desserts/Food/DUNKIN DONUTS/DONUTS.webp
ICE CREAM PACK (1 LTR),DESSERTS,6,This is a wider card with supporting text below as a natural lead-in to additional content. This content is a little bit longer.,660,DUNKIN DONUTS,19,Desserts/Food/DUNKIN DONUTS/ICE CREAM PACK.jpg
MINI PANCAKES (12 PCS),DESSERTS,6,This is a wider card with supporting text below as a natural lead-in to additional content. This content is a little bit longer.,890,DUNKIN DONUTS,19,Desserts/Food/DUNKIN DONUTS/MINI PANCAKES.jpg
SPECIAL KULFI (PACK OF 4),DESSERTS,6,This is a wider card with supporting text below as a natural lead-in to additional content. This content is a little bit longer.,880,DUNKIN DONUTS,19,Desserts/Food/DUNKIN DONUTS/SPECIAL KULFI.jpg
SUNDAE (ANY FLAVOR),DESSERTS,6,This is a wider card with supporting text below as a natural lead-in to additional content. This content is a little bit longer.,480,DUNKIN DONUTS,19,Desserts/Food/DUNKIN DONUTS/SUNDAE.jpg
WAFFLE SANDWICH,DESSERTS,6,This is a wider card with supporting text below as a natural lead-in to additional content. This content is a little bit longer.,350,DUNKIN DONUTS,19,Desserts/Food/DUNKIN DONUTS/WAFFLE SANDWICH.jpg
CAKE SLICE,DESSERTS,6,This is a wider card with supporting text below as a natural lead-in to additional content. This content is a little bit longer.,450,kababjees bakers,20,Desserts/Food/KABABJEES BAKERS/CAKE SLICE.webp
CHOCOLATE BROWNIES (6 PCS),DESSERTS,6,This is a wider card with supporting text below as a natural lead-in to additional content. This content is a little bit longer.,220,kababjees bakers,20,Desserts/Food/KABABJEES BAKERS/CHOCOLATE BROWNIES.webp
CHOCOLATE COOKIES (6 PCS),DESSERTS,6,This is a wider card with supporting text below as a natural lead-in to additional content. This content is a little bit longer.,1200,kababjees bakers,20,Desserts/Food/KABABJEES BAKERS/CHOCOLATE COOKIES.webp
CHOCOLATE LAVA CAKE,DESSERTS,6,This is a wider card with supporting text below as a natural lead-in to additional content. This content is a little bit longer.,1200,kababjees bakers,20,Desserts/Food/KABABJEES BAKERS/CHOCOLATE LAVA CAKE.jpg
CHURROS (6PCS),DESSERTS,6,This is a wider card with supporting text below as a natural lead-in to additional content. This content is a little bit longer.,450,kababjees bakers,20,Desserts/Food/KABABJEES BAKERS/CHURROS.jpg
Crepe,DESSERTS,6,This is a wider card with supporting text below as a natural lead-in to additional content. This content is a little bit longer.,1450,kababjees bakers,20,Desserts/Food/KABABJEES BAKERS/Crepe.webp
DONUTS (6 PCS),DESSERTS,6,This is a wider card with supporting text below as a natural lead-in to additional content. This content is a little bit longer.,250,kababjees bakers,20,Desserts/Food/KABABJEES BAKERS/DONUTS.jpg
ICE CREAM PACK (1 LTR),DESSERTS,6,This is a wider card with supporting text below as a natural lead-in to additional content. This content is a little bit longer.,660,kababjees bakers,20,Desserts/Food/KABABJEES BAKERS/ICE CREAM PACK.jpg
MINI PANCAKES (12 PCS),DESSERTS,6,This is a wider card with supporting text below as a natural lead-in to additional content. This content is a little bit longer.,890,kababjees bakers,20,Desserts/Food/KABABJEES BAKERS/MINI PANCAKES.jpg
SPECIAL KULFI (PACK OF 4),DESSERTS,6,This is a wider card with supporting text below as a natural lead-in to additional content. This content is a little bit longer.,880,kababjees bakers,20,Desserts/Food/KABABJEES BAKERS/SPECIAL KULFI.jpg
SUNDAE (ANY FLAVOR),DESSERTS,6,This is a wider card with supporting text below as a natural lead-in to additional content. This content is a little bit longer.,480,kababjees bakers,20,Desserts/Food/KABABJEES BAKERS/SUNDAE.jpg
WAFFLE SANDWICH,DESSERTS,6,This is a wider card with supporting text below as a natural lead-in to additional content. This content is a little bit longer.,350,kababjees bakers,20,Desserts/Food/KABABJEES BAKERS/WAFFLE SANDWICH.jpg
COCKTAIL,BEVERAGES,5,This is a wider card with supporting text below as a natural lead-in to additional content. This content is a little bit longer.,350,studio 7 teas,21,Beverages/Food/STUDIO 7 TEAS/COCKTAIL.webp
FALOODA,BEVERAGES,5,This is a wider card with supporting text below as a natural lead-in to additional content. This content is a little bit longer.,350,studio 7 teas,21,Beverages/Food/STUDIO 7 TEAS/FALOODA.jpg
FRESH FRUIT JUICE (ANY FLAVOR) ,BEVERAGES,5,This is a wider card with supporting text below as a natural lead-in to additional content. This content is a little bit longer.,300,studio 7 teas,21,Beverages/Food/STUDIO 7 TEAS/FRESH FRUIT JUICE.webp
MARGARITA,BEVERAGES,5,This is a wider card with supporting text below as a natural lead-in to additional content. This content is a little bit longer.,350,studio 7 teas,21,Beverages/Food/STUDIO 7 TEAS/MARGARITA.jpg
MILK SHAKE (ANY FLAVOR),BEVERAGES,5,This is a wider card with supporting text below as a natural lead-in to additional content. This content is a little bit longer.,450,studio 7 teas,21,Beverages/Food/STUDIO 7 TEAS/MILK SHAKE.jpg
SOFT DRINK 1.5LTR,BEVERAGES,5,This is a wider card with supporting text below as a natural lead-in to additional content. This content is a little bit longer.,120,studio 7 teas,21,Beverages/Food/STUDIO 7 TEAS/SOFT DRINK 1.5LTR.jpg
SOFT DRINK 500ML,BEVERAGES,5,This is a wider card with supporting text below as a natural lead-in to additional content. This content is a little bit longer.,70,studio 7 teas,21,Beverages/Food/STUDIO 7 TEAS/SOFT DRINK.webp
TEA,BEVERAGES,5,This is a wider card with supporting text below as a natural lead-in to additional content. This content is a little bit longer.,60,studio 7 teas,21,Beverages/Food/STUDIO 7 TEAS/TEA.jpg
COCKTAIL,BEVERAGES,5,This is a wider card with supporting text below as a natural lead-in to additional content. This content is a little bit longer.,350,happy ice cream,22,Beverages/Food/HAPPY ICE CREAM/COCKTAIL.webp
FALOODA,BEVERAGES,5,This is a wider card with supporting text below as a natural lead-in to additional content. This content is a little bit longer.,350,happy ice cream,22,Beverages/Food/HAPPY ICE CREAM/FALOODA.jpg
FRESH FRUIT JUICE (ANY FLAVOR) ,BEVERAGES,5,This is a wider card with supporting text below as a natural lead-in to additional content. This content is a little bit longer.,300,happy ice cream,22,Beverages/Food/HAPPY ICE CREAM/FRESH FRUIT JUICE.webp
MARGARITA,BEVERAGES,5,This is a wider card with supporting text below as a natural lead-in to additional content. This content is a little bit longer.,350,happy ice cream,22,Beverages/Food/HAPPY ICE CREAM/MARGARITA.jpg
MILK SHAKE (ANY FLAVOR),BEVERAGES,5,This is a wider card with supporting text below as a natural lead-in to additional content. This content is a little bit longer.,450,happy ice cream,22,Beverages/Food/HAPPY ICE CREAM/MILK SHAKE.jpg
SOFT DRINK 1.5LTR,BEVERAGES,5,This is a wider card with supporting text below as a natural lead-in to additional content. This content is a little bit longer.,120,happy ice cream,22,Beverages/Food/HAPPY ICE CREAM/SOFT DRINK 1.5LTR.jpg
SOFT DRINK 500ML,BEVERAGES,5,This is a wider card with supporting text below as a natural lead-in to additional content. This content is a little bit longer.,70,happy ice cream,22,Beverages/Food/HAPPY ICE CREAM/SOFT DRINK.webp
TEA,BEVERAGES,5,This is a wider card with supporting text below as a natural lead-in to additional content. This content is a little bit longer.,60,happy ice cream,22,Beverages/Food/HAPPY ICE CREAM/TEA.jpg
COCKTAIL,BEVERAGES,5,This is a wider card with supporting text below as a natural lead-in to additional content. This content is a little bit longer.,350,agha juice,23,Beverages/Food/AGHA JUICE/COCKTAIL.webp
FALOODA,BEVERAGES,5,This is a wider card with supporting text below as a natural lead-in to additional content. This content is a little bit longer.,350,agha juice,23,Beverages/Food/AGHA JUICE/FALOODA.jpg
FRESH FRUIT JUICE (ANY FLAVOR) ,BEVERAGES,5,This is a wider card with supporting text below as a natural lead-in to additional content. This content is a little bit longer.,300,agha juice,23,Beverages/Food/AGHA JUICE/FRESH FRUIT JUICE.webp
MARGARITA,BEVERAGES,5,This is a wider card with supporting text below as a natural lead-in to additional content. This content is a little bit longer.,350,agha juice,23,Beverages/Food/AGHA JUICE/MARGARITA.jpg
MILK SHAKE (ANY FLAVOR),BEVERAGES,5,This is a wider card with supporting text below as a natural lead-in to additional content. This content is a little bit longer.,450,agha juice,23,Beverages/Food/AGHA JUICE/MILK SHAKE.jpg
SOFT DRINK 1.5LTR,BEVERAGES,5,This is a wider card with supporting text below as a natural lead-in to additional content. This content is a little bit longer.,120,agha juice,23,Beverages/Food/AGHA JUICE/SOFT DRINK 1.5LTR.jpg
SOFT DRINK 500ML,BEVERAGES,5,This is a wider card with supporting text below as a natural lead-in to additional content. This content is a little bit longer.,70,agha juice,23,Beverages/Food/AGHA JUICE/SOFT DRINK.webp
TEA,BEVERAGES,5,This is a wider card with supporting text below as a natural lead-in to additional content. This content is a little bit longer.,60,agha juice,23,Beverages/Food/AGHA JUICE/TEA.jpg
COCKTAIL,BEVERAGES,5,This is a wider card with supporting text below as a natural lead-in to additional content. This content is a little bit longer.,350,mehran ice cream,24,Beverages/Food/MEHRAN ICE CREAM/COCKTAIL.webp
FALOODA,BEVERAGES,5,This is a wider card with supporting text below as a natural lead-in to additional content. This content is a little bit longer.,350,mehran ice cream,24,Beverages/Food/MEHRAN ICE CREAM/FALOODA.jpg
FRESH FRUIT JUICE (ANY FLAVOR) ,BEVERAGES,5,This is a wider card with supporting text below as a natural lead-in to additional content. This content is a little bit longer.,300,mehran ice cream,24,Beverages/Food/MEHRAN ICE CREAM/FRESH FRUIT JUICE.webp
MARGARITA,BEVERAGES,5,This is a wider card with supporting text below as a natural lead-in to additional content. This content is a little bit longer.,350,mehran ice cream,24,Beverages/Food/MEHRAN ICE CREAM/MARGARITA.jpg
MILK SHAKE (ANY FLAVOR),BEVERAGES,5,This is a wider card with supporting text below as a natural lead-in to additional content. This content is a little bit longer.,450,mehran ice cream,24,Beverages/Food/MEHRAN ICE CREAM/MILK SHAKE.jpg
SOFT DRINK 1.5LTR,BEVERAGES,5,This is a wider card with supporting text below as a natural lead-in to additional content. This content is a little bit longer.,120,mehran ice cream,24,Beverages/Food/MEHRAN ICE CREAM/SOFT DRINK 1.5LTR.jpg
SOFT DRINK 500ML,BEVERAGES,5,This is a wider card with supporting text below as a natural lead-in to additional content. This content is a little bit longer.,70,mehran ice cream,24,Beverages/Food/MEHRAN ICE CREAM/SOFT DRINK.webp
TEA,BEVERAGES,5,This is a wider card with supporting text below as a natural lead-in to additional content. This content is a little bit longer.,60,mehran ice cream,24,Beverages/Food/MEHRAN ICE CREAM/TEA.jpg
